{"cameraMode":{"drawMode":0,"name":"Shaded","section":"Shading Mode"},"sceneLighting":true,"audioPlay":false,"sceneViewState":{"showFog":true,"showMaterialUpdate":false,"showSkybox":true,"showFlares":true,"showImageEffects":true,"showParticleSystems":true},"in2DMode":false,"pivot":{"x":-1.0267677307128907,"y":24.637483596801759,"z":-22.555526733398439},"rotation":{"x":0.000026990737751475535,"y":0.9999549984931946,"z":-0.0029999089892953636,"w":0.008999921381473542},"size":79.27001190185547,"orthographic":false}